utterance_id,model,reference_length_tokens,rigid_errors,rigid_substitutions,rigid_deletions,rigid_insertions,rigid_wer_percent,lattice_errors,lattice_wer_percent,delta_wer_percent,improved,unchanged,worsened
https://storage.googleapis.com/testing_audio_for_josh/bcmk_TR/hindi/ch_1726922_866.16_868.20.wav,Model H,6,0,0,0,0,0.0,0.0,0.0,0.0,0,1,0
https://storage.googleapis.com/testing_audio_for_josh/bcmk_TR/hindi/ch_1726922_866.16_868.20.wav,Model i,6,1,1,0,0,16.666666666666664,0.0,0.0,16.666666666666664,1,0,0
https://storage.googleapis.com/testing_audio_for_josh/bcmk_TR/hindi/ch_1726922_866.16_868.20.wav,Model k,6,0,0,0,0,0.0,0.0,0.0,0.0,0,1,0
https://storage.googleapis.com/testing_audio_for_josh/bcmk_TR/hindi/ch_1726922_866.16_868.20.wav,Model l,6,0,0,0,0,0.0,0.0,0.0,0.0,0,1,0
https://storage.googleapis.com/testing_audio_for_josh/bcmk_TR/hindi/ch_1726922_866.16_868.20.wav,Model m,6,2,1,1,0,33.33333333333333,1.0,16.666666666666664,16.666666666666664,1,0,0
https://storage.googleapis.com/testing_audio_for_josh/bcmk_TR/hindi/ch_1726922_866.16_868.20.wav,Model n,6,0,0,0,0,0.0,0.0,0.0,0.0,0,1,0
https://storage.googleapis.com/testing_audio_for_josh/bcmk_TR/hindi/ch_2052946_52.62_54.36.wav,Model H,6,0,0,0,0,0.0,0.0,0.0,0.0,0,1,0
https://storage.googleapis.com/testing_audio_for_josh/bcmk_TR/hindi/ch_2052946_52.62_54.36.wav,Model i,6,0,0,0,0,0.0,0.0,0.0,0.0,0,1,0
https://storage.googleapis.com/testing_audio_for_josh/bcmk_TR/hindi/ch_2052946_52.62_54.36.wav,Model k,6,6,4,2,0,100.0,2.0,33.33333333333333,66.66666666666667,1,0,0
https://storage.googleapis.com/testing_audio_for_josh/bcmk_TR/hindi/ch_2052946_52.62_54.36.wav,Model l,6,2,1,0,1,33.33333333333333,0.0,0.0,33.33333333333333,1,0,0
https://storage.googleapis.com/testing_audio_for_josh/bcmk_TR/hindi/ch_2052946_52.62_54.36.wav,Model m,6,6,5,1,0,100.0,1.0,16.666666666666664,83.33333333333334,1,0,0
https://storage.googleapis.com/testing_audio_for_josh/bcmk_TR/hindi/ch_2052946_52.62_54.36.wav,Model n,6,2,2,0,0,33.33333333333333,0.0,0.0,33.33333333333333,1,0,0
https://storage.googleapis.com/testing_audio_for_josh/bcmk_TR/hindi/ch_2054042_186.66_189.27.wav,Model H,6,0,0,0,0,0.0,0.0,0.0,0.0,0,1,0
https://storage.googleapis.com/testing_audio_for_josh/bcmk_TR/hindi/ch_2054042_186.66_189.27.wav,Model i,6,1,0,0,1,16.666666666666664,0.0,0.0,16.666666666666664,1,0,0
https://storage.googleapis.com/testing_audio_for_josh/bcmk_TR/hindi/ch_2054042_186.66_189.27.wav,Model k,6,0,0,0,0,0.0,0.0,0.0,0.0,0,1,0
https://storage.googleapis.com/testing_audio_for_josh/bcmk_TR/hindi/ch_2054042_186.66_189.27.wav,Model l,6,0,0,0,0,0.0,0.0,0.0,0.0,0,1,0
https://storage.googleapis.com/testing_audio_for_josh/bcmk_TR/hindi/ch_2054042_186.66_189.27.wav,Model m,6,2,1,0,1,33.33333333333333,0.0,0.0,33.33333333333333,1,0,0
https://storage.googleapis.com/testing_audio_for_josh/bcmk_TR/hindi/ch_2054042_186.66_189.27.wav,Model n,6,2,1,0,1,33.33333333333333,0.0,0.0,33.33333333333333,1,0,0
https://storage.googleapis.com/testing_audio_for_josh/bcmk_TR/hindi/ch_2059414_678.27_680.07.wav,Model H,6,0,0,0,0,0.0,0.0,0.0,0.0,0,1,0
https://storage.googleapis.com/testing_audio_for_josh/bcmk_TR/hindi/ch_2059414_678.27_680.07.wav,Model i,6,0,0,0,0,0.0,0.0,0.0,0.0,0,1,0
https://storage.googleapis.com/testing_audio_for_josh/bcmk_TR/hindi/ch_2059414_678.27_680.07.wav,Model k,6,0,0,0,0,0.0,0.0,0.0,0.0,0,1,0
https://storage.googleapis.com/testing_audio_for_josh/bcmk_TR/hindi/ch_2059414_678.27_680.07.wav,Model l,6,2,1,1,0,33.33333333333333,1.0,16.666666666666664,16.666666666666664,1,0,0
https://storage.googleapis.com/testing_audio_for_josh/bcmk_TR/hindi/ch_2059414_678.27_680.07.wav,Model m,6,0,0,0,0,0.0,0.0,0.0,0.0,0,1,0
https://storage.googleapis.com/testing_audio_for_josh/bcmk_TR/hindi/ch_2059414_678.27_680.07.wav,Model n,6,0,0,0,0,0.0,0.0,0.0,0.0,0,1,0
https://storage.googleapis.com/testing_audio_for_josh/bcmk_TR/hindi/ch_292958_499.83_502.32.wav,Model H,6,0,0,0,0,0.0,0.0,0.0,0.0,0,1,0
https://storage.googleapis.com/testing_audio_for_josh/bcmk_TR/hindi/ch_292958_499.83_502.32.wav,Model i,6,0,0,0,0,0.0,0.0,0.0,0.0,0,1,0
https://storage.googleapis.com/testing_audio_for_josh/bcmk_TR/hindi/ch_292958_499.83_502.32.wav,Model k,6,0,0,0,0,0.0,0.0,0.0,0.0,0,1,0
https://storage.googleapis.com/testing_audio_for_josh/bcmk_TR/hindi/ch_292958_499.83_502.32.wav,Model l,6,0,0,0,0,0.0,0.0,0.0,0.0,0,1,0
https://storage.googleapis.com/testing_audio_for_josh/bcmk_TR/hindi/ch_292958_499.83_502.32.wav,Model m,6,0,0,0,0,0.0,0.0,0.0,0.0,0,1,0
https://storage.googleapis.com/testing_audio_for_josh/bcmk_TR/hindi/ch_292958_499.83_502.32.wav,Model n,6,0,0,0,0,0.0,0.0,0.0,0.0,0,1,0
https://storage.googleapis.com/testing_audio_for_josh/bcmk_TR/hindi/ch_41359_476.04_478.23.wav,Model H,6,0,0,0,0,0.0,0.0,0.0,0.0,0,1,0
https://storage.googleapis.com/testing_audio_for_josh/bcmk_TR/hindi/ch_41359_476.04_478.23.wav,Model i,6,0,0,0,0,0.0,0.0,0.0,0.0,0,1,0
https://storage.googleapis.com/testing_audio_for_josh/bcmk_TR/hindi/ch_41359_476.04_478.23.wav,Model k,6,0,0,0,0,0.0,0.0,0.0,0.0,0,1,0
https://storage.googleapis.com/testing_audio_for_josh/bcmk_TR/hindi/ch_41359_476.04_478.23.wav,Model l,6,0,0,0,0,0.0,0.0,0.0,0.0,0,1,0
https://storage.googleapis.com/testing_audio_for_josh/bcmk_TR/hindi/ch_41359_476.04_478.23.wav,Model m,6,5,5,0,0,83.33333333333334,0.0,0.0,83.33333333333334,1,0,0
https://storage.googleapis.com/testing_audio_for_josh/bcmk_TR/hindi/ch_41359_476.04_478.23.wav,Model n,6,1,0,0,1,16.666666666666664,0.0,0.0,16.666666666666664,1,0,0
https://storage.googleapis.com/testing_audio_for_josh/bcmk_TR/hindi/ch_439044_464.37_466.47.wav,Model H,5,2,1,0,1,40.0,0.0,0.0,40.0,1,0,0
https://storage.googleapis.com/testing_audio_for_josh/bcmk_TR/hindi/ch_439044_464.37_466.47.wav,Model i,5,0,0,0,0,0.0,0.0,0.0,0.0,0,1,0
https://storage.googleapis.com/testing_audio_for_josh/bcmk_TR/hindi/ch_439044_464.37_466.47.wav,Model k,5,3,2,0,1,60.0,0.0,0.0,60.0,1,0,0
https://storage.googleapis.com/testing_audio_for_josh/bcmk_TR/hindi/ch_439044_464.37_466.47.wav,Model l,5,2,1,0,1,40.0,0.0,0.0,40.0,1,0,0
https://storage.googleapis.com/testing_audio_for_josh/bcmk_TR/hindi/ch_439044_464.37_466.47.wav,Model m,5,2,2,0,0,40.0,0.0,0.0,40.0,1,0,0
https://storage.googleapis.com/testing_audio_for_josh/bcmk_TR/hindi/ch_439044_464.37_466.47.wav,Model n,5,2,1,0,1,40.0,0.0,0.0,40.0,1,0,0
https://storage.googleapis.com/testing_audio_for_josh/bcmk_TR/hindi/ch_487624_1037.94_1041.27.wav,Model H,6,0,0,0,0,0.0,0.0,0.0,0.0,0,1,0
https://storage.googleapis.com/testing_audio_for_josh/bcmk_TR/hindi/ch_487624_1037.94_1041.27.wav,Model i,6,0,0,0,0,0.0,0.0,0.0,0.0,0,1,0
https://storage.googleapis.com/testing_audio_for_josh/bcmk_TR/hindi/ch_487624_1037.94_1041.27.wav,Model k,6,1,1,0,0,16.666666666666664,0.0,0.0,16.666666666666664,1,0,0
https://storage.googleapis.com/testing_audio_for_josh/bcmk_TR/hindi/ch_487624_1037.94_1041.27.wav,Model l,6,2,2,0,0,33.33333333333333,0.0,0.0,33.33333333333333,1,0,0
https://storage.googleapis.com/testing_audio_for_josh/bcmk_TR/hindi/ch_487624_1037.94_1041.27.wav,Model m,6,0,0,0,0,0.0,0.0,0.0,0.0,0,1,0
https://storage.googleapis.com/testing_audio_for_josh/bcmk_TR/hindi/ch_487624_1037.94_1041.27.wav,Model n,6,1,0,1,0,16.666666666666664,1.0,16.666666666666664,0.0,0,1,0
https://storage.googleapis.com/testing_audio_for_josh/bcmk_TR/hindi/ch_549122_687.60_689.40.wav,Model H,6,0,0,0,0,0.0,0.0,0.0,0.0,0,1,0
https://storage.googleapis.com/testing_audio_for_josh/bcmk_TR/hindi/ch_549122_687.60_689.40.wav,Model i,6,0,0,0,0,0.0,0.0,0.0,0.0,0,1,0
https://storage.googleapis.com/testing_audio_for_josh/bcmk_TR/hindi/ch_549122_687.60_689.40.wav,Model k,6,0,0,0,0,0.0,0.0,0.0,0.0,0,1,0
https://storage.googleapis.com/testing_audio_for_josh/bcmk_TR/hindi/ch_549122_687.60_689.40.wav,Model l,6,0,0,0,0,0.0,0.0,0.0,0.0,0,1,0
https://storage.googleapis.com/testing_audio_for_josh/bcmk_TR/hindi/ch_549122_687.60_689.40.wav,Model m,6,1,1,0,0,16.666666666666664,0.0,0.0,16.666666666666664,1,0,0
https://storage.googleapis.com/testing_audio_for_josh/bcmk_TR/hindi/ch_549122_687.60_689.40.wav,Model n,6,0,0,0,0,0.0,0.0,0.0,0.0,0,1,0
https://storage.googleapis.com/testing_audio_for_josh/bcmk_TR/hindi/ch_580286_74.16_76.35.wav,Model H,6,0,0,0,0,0.0,0.0,0.0,0.0,0,1,0
https://storage.googleapis.com/testing_audio_for_josh/bcmk_TR/hindi/ch_580286_74.16_76.35.wav,Model i,6,0,0,0,0,0.0,0.0,0.0,0.0,0,1,0
https://storage.googleapis.com/testing_audio_for_josh/bcmk_TR/hindi/ch_580286_74.16_76.35.wav,Model k,6,0,0,0,0,0.0,0.0,0.0,0.0,0,1,0
https://storage.googleapis.com/testing_audio_for_josh/bcmk_TR/hindi/ch_580286_74.16_76.35.wav,Model l,6,0,0,0,0,0.0,0.0,0.0,0.0,0,1,0
https://storage.googleapis.com/testing_audio_for_josh/bcmk_TR/hindi/ch_580286_74.16_76.35.wav,Model m,6,0,0,0,0,0.0,0.0,0.0,0.0,0,1,0
https://storage.googleapis.com/testing_audio_for_josh/bcmk_TR/hindi/ch_580286_74.16_76.35.wav,Model n,6,0,0,0,0,0.0,0.0,0.0,0.0,0,1,0
https://storage.googleapis.com/testing_audio_for_josh/bcmk_TR/hindi/ch_696260_203.52_205.56.wav,Model H,7,1,0,1,0,14.285714285714285,0.0,0.0,14.285714285714285,1,0,0
https://storage.googleapis.com/testing_audio_for_josh/bcmk_TR/hindi/ch_696260_203.52_205.56.wav,Model i,7,0,0,0,0,0.0,0.0,0.0,0.0,0,1,0
https://storage.googleapis.com/testing_audio_for_josh/bcmk_TR/hindi/ch_696260_203.52_205.56.wav,Model k,7,3,2,1,0,42.857142857142854,0.0,0.0,42.857142857142854,1,0,0
https://storage.googleapis.com/testing_audio_for_josh/bcmk_TR/hindi/ch_696260_203.52_205.56.wav,Model l,7,2,1,1,0,28.57142857142857,0.0,0.0,28.57142857142857,1,0,0
https://storage.googleapis.com/testing_audio_for_josh/bcmk_TR/hindi/ch_696260_203.52_205.56.wav,Model m,7,2,1,1,0,28.57142857142857,0.0,0.0,28.57142857142857,1,0,0
https://storage.googleapis.com/testing_audio_for_josh/bcmk_TR/hindi/ch_696260_203.52_205.56.wav,Model n,7,1,0,1,0,14.285714285714285,0.0,0.0,14.285714285714285,1,0,0
https://storage.googleapis.com/testing_audio_for_josh/bcmk_TR/hindi/ch_88116_190.50_193.14.wav,Model H,6,0,0,0,0,0.0,0.0,0.0,0.0,0,1,0
https://storage.googleapis.com/testing_audio_for_josh/bcmk_TR/hindi/ch_88116_190.50_193.14.wav,Model i,6,0,0,0,0,0.0,0.0,0.0,0.0,0,1,0
https://storage.googleapis.com/testing_audio_for_josh/bcmk_TR/hindi/ch_88116_190.50_193.14.wav,Model k,6,0,0,0,0,0.0,0.0,0.0,0.0,0,1,0
https://storage.googleapis.com/testing_audio_for_josh/bcmk_TR/hindi/ch_88116_190.50_193.14.wav,Model l,6,0,0,0,0,0.0,0.0,0.0,0.0,0,1,0
https://storage.googleapis.com/testing_audio_for_josh/bcmk_TR/hindi/ch_88116_190.50_193.14.wav,Model m,6,1,1,0,0,16.666666666666664,0.0,0.0,16.666666666666664,1,0,0
https://storage.googleapis.com/testing_audio_for_josh/bcmk_TR/hindi/ch_88116_190.50_193.14.wav,Model n,6,0,0,0,0,0.0,0.0,0.0,0.0,0,1,0
https://storage.googleapis.com/testing_audio_for_josh/bcmk_TR/hindi/ch_1538598_420.96_433.47.wav,Model H,43,0,0,0,0,0.0,0.0,0.0,0.0,0,1,0
https://storage.googleapis.com/testing_audio_for_josh/bcmk_TR/hindi/ch_1538598_420.96_433.47.wav,Model i,43,0,0,0,0,0.0,0.0,0.0,0.0,0,1,0
https://storage.googleapis.com/testing_audio_for_josh/bcmk_TR/hindi/ch_1538598_420.96_433.47.wav,Model k,43,0,0,0,0,0.0,0.0,0.0,0.0,0,1,0
https://storage.googleapis.com/testing_audio_for_josh/bcmk_TR/hindi/ch_1538598_420.96_433.47.wav,Model l,43,5,5,0,0,11.627906976744185,0.0,0.0,11.627906976744185,1,0,0
https://storage.googleapis.com/testing_audio_for_josh/bcmk_TR/hindi/ch_1538598_420.96_433.47.wav,Model m,43,7,5,2,0,16.27906976744186,2.0,4.651162790697675,11.627906976744187,1,0,0
https://storage.googleapis.com/testing_audio_for_josh/bcmk_TR/hindi/ch_1538598_420.96_433.47.wav,Model n,43,3,1,1,1,6.976744186046512,1.0,2.3255813953488373,4.651162790697675,1,0,0
https://storage.googleapis.com/testing_audio_for_josh/bcmk_TR/hindi/ch_1669398_336.42_346.86.wav,Model H,43,4,2,1,1,9.30232558139535,1.0,2.3255813953488373,6.976744186046512,1,0,0
https://storage.googleapis.com/testing_audio_for_josh/bcmk_TR/hindi/ch_1669398_336.42_346.86.wav,Model i,43,0,0,0,0,0.0,0.0,0.0,0.0,0,1,0
https://storage.googleapis.com/testing_audio_for_josh/bcmk_TR/hindi/ch_1669398_336.42_346.86.wav,Model k,43,2,2,0,0,4.651162790697675,0.0,0.0,4.651162790697675,1,0,0
https://storage.googleapis.com/testing_audio_for_josh/bcmk_TR/hindi/ch_1669398_336.42_346.86.wav,Model l,43,5,5,0,0,11.627906976744185,0.0,0.0,11.627906976744185,1,0,0
https://storage.googleapis.com/testing_audio_for_josh/bcmk_TR/hindi/ch_1669398_336.42_346.86.wav,Model m,43,7,6,1,0,16.27906976744186,1.0,2.3255813953488373,13.953488372093027,1,0,0
https://storage.googleapis.com/testing_audio_for_josh/bcmk_TR/hindi/ch_1669398_336.42_346.86.wav,Model n,43,6,5,1,0,13.953488372093023,1.0,2.3255813953488373,11.627906976744185,1,0,0
https://storage.googleapis.com/testing_audio_for_josh/bcmk_TR/hindi/ch_1725602_690.72_699.39.wav,Model H,37,0,0,0,0,0.0,0.0,0.0,0.0,0,1,0
https://storage.googleapis.com/testing_audio_for_josh/bcmk_TR/hindi/ch_1725602_690.72_699.39.wav,Model i,37,0,0,0,0,0.0,0.0,0.0,0.0,0,1,0
https://storage.googleapis.com/testing_audio_for_josh/bcmk_TR/hindi/ch_1725602_690.72_699.39.wav,Model k,37,1,1,0,0,2.7027027027027026,0.0,0.0,2.7027027027027026,1,0,0
https://storage.googleapis.com/testing_audio_for_josh/bcmk_TR/hindi/ch_1725602_690.72_699.39.wav,Model l,37,2,2,0,0,5.405405405405405,0.0,0.0,5.405405405405405,1,0,0
https://storage.googleapis.com/testing_audio_for_josh/bcmk_TR/hindi/ch_1725602_690.72_699.39.wav,Model m,37,4,4,0,0,10.81081081081081,0.0,0.0,10.81081081081081,1,0,0
https://storage.googleapis.com/testing_audio_for_josh/bcmk_TR/hindi/ch_1725602_690.72_699.39.wav,Model n,37,2,2,0,0,5.405405405405405,0.0,0.0,5.405405405405405,1,0,0
https://storage.googleapis.com/testing_audio_for_josh/bcmk_TR/hindi/ch_1597583_323.52_331.38.wav,Model H,22,1,1,0,0,4.545454545454546,0.0,0.0,4.545454545454546,1,0,0
https://storage.googleapis.com/testing_audio_for_josh/bcmk_TR/hindi/ch_1597583_323.52_331.38.wav,Model i,22,0,0,0,0,0.0,0.0,0.0,0.0,0,1,0
https://storage.googleapis.com/testing_audio_for_josh/bcmk_TR/hindi/ch_1597583_323.52_331.38.wav,Model k,22,3,2,1,0,13.636363636363635,0.0,0.0,13.636363636363635,1,0,0
https://storage.googleapis.com/testing_audio_for_josh/bcmk_TR/hindi/ch_1597583_323.52_331.38.wav,Model l,22,3,3,0,0,13.636363636363635,0.0,0.0,13.636363636363635,1,0,0
https://storage.googleapis.com/testing_audio_for_josh/bcmk_TR/hindi/ch_1597583_323.52_331.38.wav,Model m,22,6,5,1,0,27.27272727272727,0.0,0.0,27.27272727272727,1,0,0
https://storage.googleapis.com/testing_audio_for_josh/bcmk_TR/hindi/ch_1597583_323.52_331.38.wav,Model n,22,4,3,1,0,18.181818181818183,0.0,0.0,18.181818181818183,1,0,0
https://storage.googleapis.com/testing_audio_for_josh/bcmk_TR/hindi/ch_1539708_53.28_68.01.wav,Model H,45,1,1,0,0,2.2222222222222223,0.0,0.0,2.2222222222222223,1,0,0
https://storage.googleapis.com/testing_audio_for_josh/bcmk_TR/hindi/ch_1539708_53.28_68.01.wav,Model i,45,0,0,0,0,0.0,0.0,0.0,0.0,0,1,0
https://storage.googleapis.com/testing_audio_for_josh/bcmk_TR/hindi/ch_1539708_53.28_68.01.wav,Model k,45,5,3,2,0,11.11111111111111,0.0,0.0,11.11111111111111,1,0,0
https://storage.googleapis.com/testing_audio_for_josh/bcmk_TR/hindi/ch_1539708_53.28_68.01.wav,Model l,45,6,4,2,0,13.333333333333334,0.0,0.0,13.333333333333334,1,0,0
https://storage.googleapis.com/testing_audio_for_josh/bcmk_TR/hindi/ch_1539708_53.28_68.01.wav,Model m,45,5,3,2,0,11.11111111111111,0.0,0.0,11.11111111111111,1,0,0
https://storage.googleapis.com/testing_audio_for_josh/bcmk_TR/hindi/ch_1539708_53.28_68.01.wav,Model n,45,4,2,2,0,8.88888888888889,0.0,0.0,8.88888888888889,1,0,0
https://storage.googleapis.com/testing_audio_for_josh/bcmk_TR/hindi/ch_82714_160.47_173.70.wav,Model H,45,0,0,0,0,0.0,0.0,0.0,0.0,0,1,0
https://storage.googleapis.com/testing_audio_for_josh/bcmk_TR/hindi/ch_82714_160.47_173.70.wav,Model i,45,0,0,0,0,0.0,0.0,0.0,0.0,0,1,0
https://storage.googleapis.com/testing_audio_for_josh/bcmk_TR/hindi/ch_82714_160.47_173.70.wav,Model k,45,4,2,1,1,8.88888888888889,1.0,2.2222222222222223,6.666666666666667,1,0,0
https://storage.googleapis.com/testing_audio_for_josh/bcmk_TR/hindi/ch_82714_160.47_173.70.wav,Model l,45,0,0,0,0,0.0,0.0,0.0,0.0,0,1,0
https://storage.googleapis.com/testing_audio_for_josh/bcmk_TR/hindi/ch_82714_160.47_173.70.wav,Model m,45,7,4,3,0,15.555555555555555,3.0,6.666666666666667,8.88888888888889,1,0,0
https://storage.googleapis.com/testing_audio_for_josh/bcmk_TR/hindi/ch_82714_160.47_173.70.wav,Model n,45,4,3,1,0,8.88888888888889,1.0,2.2222222222222223,6.666666666666667,1,0,0
https://storage.googleapis.com/testing_audio_for_josh/bcmk_TR/hindi/ch_1591175_530.97_536.49.wav,Model H,12,1,0,0,1,8.333333333333332,0.0,0.0,8.333333333333332,1,0,0
https://storage.googleapis.com/testing_audio_for_josh/bcmk_TR/hindi/ch_1591175_530.97_536.49.wav,Model i,12,0,0,0,0,0.0,0.0,0.0,0.0,0,1,0
https://storage.googleapis.com/testing_audio_for_josh/bcmk_TR/hindi/ch_1591175_530.97_536.49.wav,Model k,12,2,1,0,1,16.666666666666664,0.0,0.0,16.666666666666664,1,0,0
https://storage.googleapis.com/testing_audio_for_josh/bcmk_TR/hindi/ch_1591175_530.97_536.49.wav,Model l,12,2,1,0,1,16.666666666666664,0.0,0.0,16.666666666666664,1,0,0
https://storage.googleapis.com/testing_audio_for_josh/bcmk_TR/hindi/ch_1591175_530.97_536.49.wav,Model m,12,2,2,0,0,16.666666666666664,0.0,0.0,16.666666666666664,1,0,0
https://storage.googleapis.com/testing_audio_for_josh/bcmk_TR/hindi/ch_1591175_530.97_536.49.wav,Model n,12,0,0,0,0,0.0,0.0,0.0,0.0,0,1,0
https://storage.googleapis.com/testing_audio_for_josh/bcmk_TR/hindi/ch_251777_833.22_842.58.wav,Model H,23,0,0,0,0,0.0,0.0,0.0,0.0,0,1,0
https://storage.googleapis.com/testing_audio_for_josh/bcmk_TR/hindi/ch_251777_833.22_842.58.wav,Model i,23,0,0,0,0,0.0,0.0,0.0,0.0,0,1,0
https://storage.googleapis.com/testing_audio_for_josh/bcmk_TR/hindi/ch_251777_833.22_842.58.wav,Model k,23,6,5,1,0,26.08695652173913,1.0,4.3478260869565215,21.73913043478261,1,0,0
https://storage.googleapis.com/testing_audio_for_josh/bcmk_TR/hindi/ch_251777_833.22_842.58.wav,Model l,23,3,2,1,0,13.043478260869565,1.0,4.3478260869565215,8.695652173913043,1,0,0
https://storage.googleapis.com/testing_audio_for_josh/bcmk_TR/hindi/ch_251777_833.22_842.58.wav,Model m,23,5,4,1,0,21.73913043478261,1.0,4.3478260869565215,17.391304347826086,1,0,0
https://storage.googleapis.com/testing_audio_for_josh/bcmk_TR/hindi/ch_251777_833.22_842.58.wav,Model n,23,3,3,0,0,13.043478260869565,0.0,0.0,13.043478260869565,1,0,0
https://storage.googleapis.com/testing_audio_for_josh/bcmk_TR/hindi/ch_29151_299.07_312.81.wav,Model H,41,1,0,1,0,2.4390243902439024,1.0,2.4390243902439024,0.0,0,1,0
https://storage.googleapis.com/testing_audio_for_josh/bcmk_TR/hindi/ch_29151_299.07_312.81.wav,Model i,41,0,0,0,0,0.0,0.0,0.0,0.0,0,1,0
https://storage.googleapis.com/testing_audio_for_josh/bcmk_TR/hindi/ch_29151_299.07_312.81.wav,Model k,41,2,2,0,0,4.878048780487805,0.0,0.0,4.878048780487805,1,0,0
https://storage.googleapis.com/testing_audio_for_josh/bcmk_TR/hindi/ch_29151_299.07_312.81.wav,Model l,41,2,2,0,0,4.878048780487805,0.0,0.0,4.878048780487805,1,0,0
https://storage.googleapis.com/testing_audio_for_josh/bcmk_TR/hindi/ch_29151_299.07_312.81.wav,Model m,41,7,5,2,0,17.073170731707318,2.0,4.878048780487805,12.195121951219514,1,0,0
https://storage.googleapis.com/testing_audio_for_josh/bcmk_TR/hindi/ch_29151_299.07_312.81.wav,Model n,41,9,8,1,0,21.951219512195124,1.0,2.4390243902439024,19.51219512195122,1,0,0
https://storage.googleapis.com/testing_audio_for_josh/bcmk_TR/hindi/ch_701191_638.49_652.05.wav,Model H,40,1,1,0,0,2.5,0.0,0.0,2.5,1,0,0
https://storage.googleapis.com/testing_audio_for_josh/bcmk_TR/hindi/ch_701191_638.49_652.05.wav,Model i,40,0,0,0,0,0.0,0.0,0.0,0.0,0,1,0
https://storage.googleapis.com/testing_audio_for_josh/bcmk_TR/hindi/ch_701191_638.49_652.05.wav,Model k,40,3,3,0,0,7.5,0.0,0.0,7.5,1,0,0
https://storage.googleapis.com/testing_audio_for_josh/bcmk_TR/hindi/ch_701191_638.49_652.05.wav,Model l,40,2,2,0,0,5.0,0.0,0.0,5.0,1,0,0
https://storage.googleapis.com/testing_audio_for_josh/bcmk_TR/hindi/ch_701191_638.49_652.05.wav,Model m,40,10,7,3,0,25.0,3.0,7.5,17.5,1,0,0
https://storage.googleapis.com/testing_audio_for_josh/bcmk_TR/hindi/ch_701191_638.49_652.05.wav,Model n,40,8,7,1,0,20.0,1.0,2.5,17.5,1,0,0
https://storage.googleapis.com/testing_audio_for_josh/bcmk_TR/hindi/ch_1545383_331.02_336.06.wav,Model H,17,0,0,0,0,0.0,0.0,0.0,0.0,0,1,0
https://storage.googleapis.com/testing_audio_for_josh/bcmk_TR/hindi/ch_1545383_331.02_336.06.wav,Model i,17,0,0,0,0,0.0,0.0,0.0,0.0,0,1,0
https://storage.googleapis.com/testing_audio_for_josh/bcmk_TR/hindi/ch_1545383_331.02_336.06.wav,Model k,17,1,1,0,0,5.88235294117647,0.0,0.0,5.88235294117647,1,0,0
https://storage.googleapis.com/testing_audio_for_josh/bcmk_TR/hindi/ch_1545383_331.02_336.06.wav,Model l,17,1,1,0,0,5.88235294117647,0.0,0.0,5.88235294117647,1,0,0
https://storage.googleapis.com/testing_audio_for_josh/bcmk_TR/hindi/ch_1545383_331.02_336.06.wav,Model m,17,4,4,0,0,23.52941176470588,0.0,0.0,23.52941176470588,1,0,0
https://storage.googleapis.com/testing_audio_for_josh/bcmk_TR/hindi/ch_1545383_331.02_336.06.wav,Model n,17,4,4,0,0,23.52941176470588,0.0,0.0,23.52941176470588,1,0,0
https://storage.googleapis.com/testing_audio_for_josh/bcmk_TR/hindi/ch_1605071_277.98_280.86.wav,Model H,17,0,0,0,0,0.0,0.0,0.0,0.0,0,1,0
https://storage.googleapis.com/testing_audio_for_josh/bcmk_TR/hindi/ch_1605071_277.98_280.86.wav,Model i,17,0,0,0,0,0.0,0.0,0.0,0.0,0,1,0
https://storage.googleapis.com/testing_audio_for_josh/bcmk_TR/hindi/ch_1605071_277.98_280.86.wav,Model k,17,1,1,0,0,5.88235294117647,0.0,0.0,5.88235294117647,1,0,0
https://storage.googleapis.com/testing_audio_for_josh/bcmk_TR/hindi/ch_1605071_277.98_280.86.wav,Model l,17,2,1,1,0,11.76470588235294,1.0,5.88235294117647,5.88235294117647,1,0,0
https://storage.googleapis.com/testing_audio_for_josh/bcmk_TR/hindi/ch_1605071_277.98_280.86.wav,Model m,17,1,1,0,0,5.88235294117647,0.0,0.0,5.88235294117647,1,0,0
https://storage.googleapis.com/testing_audio_for_josh/bcmk_TR/hindi/ch_1605071_277.98_280.86.wav,Model n,17,0,0,0,0,0.0,0.0,0.0,0.0,0,1,0
https://storage.googleapis.com/testing_audio_for_josh/bcmk_TR/hindi/ch_1645639_304.05_310.53.wav,Model H,18,1,0,1,0,5.555555555555555,1.0,5.555555555555555,0.0,0,1,0
https://storage.googleapis.com/testing_audio_for_josh/bcmk_TR/hindi/ch_1645639_304.05_310.53.wav,Model i,18,0,0,0,0,0.0,0.0,0.0,0.0,0,1,0
https://storage.googleapis.com/testing_audio_for_josh/bcmk_TR/hindi/ch_1645639_304.05_310.53.wav,Model k,18,0,0,0,0,0.0,0.0,0.0,0.0,0,1,0
https://storage.googleapis.com/testing_audio_for_josh/bcmk_TR/hindi/ch_1645639_304.05_310.53.wav,Model l,18,2,2,0,0,11.11111111111111,0.0,0.0,11.11111111111111,1,0,0
https://storage.googleapis.com/testing_audio_for_josh/bcmk_TR/hindi/ch_1645639_304.05_310.53.wav,Model m,18,2,2,0,0,11.11111111111111,0.0,0.0,11.11111111111111,1,0,0
https://storage.googleapis.com/testing_audio_for_josh/bcmk_TR/hindi/ch_1645639_304.05_310.53.wav,Model n,18,2,0,2,0,11.11111111111111,2.0,11.11111111111111,0.0,0,1,0
https://storage.googleapis.com/testing_audio_for_josh/bcmk_TR/hindi/ch_677501_165.18_169.23.wav,Model H,17,2,2,0,0,11.76470588235294,0.0,0.0,11.76470588235294,1,0,0
https://storage.googleapis.com/testing_audio_for_josh/bcmk_TR/hindi/ch_677501_165.18_169.23.wav,Model i,17,0,0,0,0,0.0,0.0,0.0,0.0,0,1,0
https://storage.googleapis.com/testing_audio_for_josh/bcmk_TR/hindi/ch_677501_165.18_169.23.wav,Model k,17,0,0,0,0,0.0,0.0,0.0,0.0,0,1,0
https://storage.googleapis.com/testing_audio_for_josh/bcmk_TR/hindi/ch_677501_165.18_169.23.wav,Model l,17,2,0,1,1,11.76470588235294,1.0,5.88235294117647,5.88235294117647,1,0,0
https://storage.googleapis.com/testing_audio_for_josh/bcmk_TR/hindi/ch_677501_165.18_169.23.wav,Model m,17,3,1,2,0,17.647058823529413,2.0,11.76470588235294,5.882352941176472,1,0,0
https://storage.googleapis.com/testing_audio_for_josh/bcmk_TR/hindi/ch_677501_165.18_169.23.wav,Model n,17,1,1,0,0,5.88235294117647,0.0,0.0,5.88235294117647,1,0,0
https://storage.googleapis.com/testing_audio_for_josh/bcmk_TR/hindi/ch_687596_884.16_888.18.wav,Model H,16,2,1,0,1,12.5,0.0,0.0,12.5,1,0,0
https://storage.googleapis.com/testing_audio_for_josh/bcmk_TR/hindi/ch_687596_884.16_888.18.wav,Model i,16,0,0,0,0,0.0,0.0,0.0,0.0,0,1,0
https://storage.googleapis.com/testing_audio_for_josh/bcmk_TR/hindi/ch_687596_884.16_888.18.wav,Model k,16,0,0,0,0,0.0,0.0,0.0,0.0,0,1,0
https://storage.googleapis.com/testing_audio_for_josh/bcmk_TR/hindi/ch_687596_884.16_888.18.wav,Model l,16,3,1,1,1,18.75,1.0,6.25,12.5,1,0,0
https://storage.googleapis.com/testing_audio_for_josh/bcmk_TR/hindi/ch_687596_884.16_888.18.wav,Model m,16,0,0,0,0,0.0,0.0,0.0,0.0,0,1,0
https://storage.googleapis.com/testing_audio_for_josh/bcmk_TR/hindi/ch_687596_884.16_888.18.wav,Model n,16,0,0,0,0,0.0,0.0,0.0,0.0,0,1,0
https://storage.googleapis.com/testing_audio_for_josh/bcmk_TR/hindi/ch_86623_459.03_465.21.wav,Model H,17,0,0,0,0,0.0,0.0,0.0,0.0,0,1,0
https://storage.googleapis.com/testing_audio_for_josh/bcmk_TR/hindi/ch_86623_459.03_465.21.wav,Model i,17,0,0,0,0,0.0,0.0,0.0,0.0,0,1,0
https://storage.googleapis.com/testing_audio_for_josh/bcmk_TR/hindi/ch_86623_459.03_465.21.wav,Model k,17,1,1,0,0,5.88235294117647,0.0,0.0,5.88235294117647,1,0,0
https://storage.googleapis.com/testing_audio_for_josh/bcmk_TR/hindi/ch_86623_459.03_465.21.wav,Model l,17,2,2,0,0,11.76470588235294,0.0,0.0,11.76470588235294,1,0,0
https://storage.googleapis.com/testing_audio_for_josh/bcmk_TR/hindi/ch_86623_459.03_465.21.wav,Model m,17,1,1,0,0,5.88235294117647,0.0,0.0,5.88235294117647,1,0,0
https://storage.googleapis.com/testing_audio_for_josh/bcmk_TR/hindi/ch_86623_459.03_465.21.wav,Model n,17,2,2,0,0,11.76470588235294,0.0,0.0,11.76470588235294,1,0,0
https://storage.googleapis.com/testing_audio_for_josh/bcmk_TR/hindi/ch_1630165_819.36_821.07.wav,Model H,7,0,0,0,0,0.0,0.0,0.0,0.0,0,1,0
https://storage.googleapis.com/testing_audio_for_josh/bcmk_TR/hindi/ch_1630165_819.36_821.07.wav,Model i,7,0,0,0,0,0.0,0.0,0.0,0.0,0,1,0
https://storage.googleapis.com/testing_audio_for_josh/bcmk_TR/hindi/ch_1630165_819.36_821.07.wav,Model k,7,0,0,0,0,0.0,0.0,0.0,0.0,0,1,0
https://storage.googleapis.com/testing_audio_for_josh/bcmk_TR/hindi/ch_1630165_819.36_821.07.wav,Model l,7,4,4,0,0,57.14285714285714,0.0,0.0,57.14285714285714,1,0,0
https://storage.googleapis.com/testing_audio_for_josh/bcmk_TR/hindi/ch_1630165_819.36_821.07.wav,Model m,7,3,3,0,0,42.857142857142854,0.0,0.0,42.857142857142854,1,0,0
https://storage.googleapis.com/testing_audio_for_josh/bcmk_TR/hindi/ch_1630165_819.36_821.07.wav,Model n,7,2,2,0,0,28.57142857142857,0.0,0.0,28.57142857142857,1,0,0
https://storage.googleapis.com/testing_audio_for_josh/bcmk_TR/hindi/ch_1696291_166.83_171.84.wav,Model H,7,0,0,0,0,0.0,0.0,0.0,0.0,0,1,0
https://storage.googleapis.com/testing_audio_for_josh/bcmk_TR/hindi/ch_1696291_166.83_171.84.wav,Model i,7,0,0,0,0,0.0,0.0,0.0,0.0,0,1,0
https://storage.googleapis.com/testing_audio_for_josh/bcmk_TR/hindi/ch_1696291_166.83_171.84.wav,Model k,7,0,0,0,0,0.0,0.0,0.0,0.0,0,1,0
https://storage.googleapis.com/testing_audio_for_josh/bcmk_TR/hindi/ch_1696291_166.83_171.84.wav,Model l,7,0,0,0,0,0.0,0.0,0.0,0.0,0,1,0
https://storage.googleapis.com/testing_audio_for_josh/bcmk_TR/hindi/ch_1696291_166.83_171.84.wav,Model m,7,2,2,0,0,28.57142857142857,0.0,0.0,28.57142857142857,1,0,0
https://storage.googleapis.com/testing_audio_for_josh/bcmk_TR/hindi/ch_1696291_166.83_171.84.wav,Model n,7,2,1,0,1,28.57142857142857,0.0,0.0,28.57142857142857,1,0,0
https://storage.googleapis.com/testing_audio_for_josh/bcmk_TR/hindi/ch_452230_612.90_615.27.wav,Model H,7,0,0,0,0,0.0,0.0,0.0,0.0,0,1,0
https://storage.googleapis.com/testing_audio_for_josh/bcmk_TR/hindi/ch_452230_612.90_615.27.wav,Model i,7,0,0,0,0,0.0,0.0,0.0,0.0,0,1,0
https://storage.googleapis.com/testing_audio_for_josh/bcmk_TR/hindi/ch_452230_612.90_615.27.wav,Model k,7,0,0,0,0,0.0,0.0,0.0,0.0,0,1,0
https://storage.googleapis.com/testing_audio_for_josh/bcmk_TR/hindi/ch_452230_612.90_615.27.wav,Model l,7,2,1,1,0,28.57142857142857,1.0,14.285714285714285,14.285714285714285,1,0,0
https://storage.googleapis.com/testing_audio_for_josh/bcmk_TR/hindi/ch_452230_612.90_615.27.wav,Model m,7,3,3,0,0,42.857142857142854,0.0,0.0,42.857142857142854,1,0,0
https://storage.googleapis.com/testing_audio_for_josh/bcmk_TR/hindi/ch_452230_612.90_615.27.wav,Model n,7,0,0,0,0,0.0,0.0,0.0,0.0,0,1,0
https://storage.googleapis.com/testing_audio_for_josh/bcmk_TR/hindi/ch_85774_16.68_21.09.wav,Model H,14,1,1,0,0,7.142857142857142,0.0,0.0,7.142857142857142,1,0,0
https://storage.googleapis.com/testing_audio_for_josh/bcmk_TR/hindi/ch_85774_16.68_21.09.wav,Model i,14,1,1,0,0,7.142857142857142,0.0,0.0,7.142857142857142,1,0,0
https://storage.googleapis.com/testing_audio_for_josh/bcmk_TR/hindi/ch_85774_16.68_21.09.wav,Model k,14,2,2,0,0,14.285714285714285,0.0,0.0,14.285714285714285,1,0,0
https://storage.googleapis.com/testing_audio_for_josh/bcmk_TR/hindi/ch_85774_16.68_21.09.wav,Model l,14,1,1,0,0,7.142857142857142,0.0,0.0,7.142857142857142,1,0,0
https://storage.googleapis.com/testing_audio_for_josh/bcmk_TR/hindi/ch_85774_16.68_21.09.wav,Model m,14,0,0,0,0,0.0,0.0,0.0,0.0,0,1,0
https://storage.googleapis.com/testing_audio_for_josh/bcmk_TR/hindi/ch_85774_16.68_21.09.wav,Model n,14,0,0,0,0,0.0,0.0,0.0,0.0,0,1,0
https://storage.googleapis.com/testing_audio_for_josh/bcmk_TR/hindi/ch_88787_386.58_389.37.wav,Model H,7,0,0,0,0,0.0,0.0,0.0,0.0,0,1,0
https://storage.googleapis.com/testing_audio_for_josh/bcmk_TR/hindi/ch_88787_386.58_389.37.wav,Model i,7,0,0,0,0,0.0,0.0,0.0,0.0,0,1,0
https://storage.googleapis.com/testing_audio_for_josh/bcmk_TR/hindi/ch_88787_386.58_389.37.wav,Model k,7,0,0,0,0,0.0,0.0,0.0,0.0,0,1,0
https://storage.googleapis.com/testing_audio_for_josh/bcmk_TR/hindi/ch_88787_386.58_389.37.wav,Model l,7,0,0,0,0,0.0,0.0,0.0,0.0,0,1,0
https://storage.googleapis.com/testing_audio_for_josh/bcmk_TR/hindi/ch_88787_386.58_389.37.wav,Model m,7,1,1,0,0,14.285714285714285,0.0,0.0,14.285714285714285,1,0,0
https://storage.googleapis.com/testing_audio_for_josh/bcmk_TR/hindi/ch_88787_386.58_389.37.wav,Model n,7,0,0,0,0,0.0,0.0,0.0,0.0,0,1,0
https://storage.googleapis.com/testing_audio_for_josh/bcmk_TR/hindi/ch_1604702_539.04_545.67.wav,Model H,18,0,0,0,0,0.0,0.0,0.0,0.0,0,1,0
https://storage.googleapis.com/testing_audio_for_josh/bcmk_TR/hindi/ch_1604702_539.04_545.67.wav,Model i,18,0,0,0,0,0.0,0.0,0.0,0.0,0,1,0
https://storage.googleapis.com/testing_audio_for_josh/bcmk_TR/hindi/ch_1604702_539.04_545.67.wav,Model k,18,0,0,0,0,0.0,0.0,0.0,0.0,0,1,0
https://storage.googleapis.com/testing_audio_for_josh/bcmk_TR/hindi/ch_1604702_539.04_545.67.wav,Model l,18,0,0,0,0,0.0,0.0,0.0,0.0,0,1,0
https://storage.googleapis.com/testing_audio_for_josh/bcmk_TR/hindi/ch_1604702_539.04_545.67.wav,Model m,18,0,0,0,0,0.0,0.0,0.0,0.0,0,1,0
https://storage.googleapis.com/testing_audio_for_josh/bcmk_TR/hindi/ch_1604702_539.04_545.67.wav,Model n,18,0,0,0,0,0.0,0.0,0.0,0.0,0,1,0
https://storage.googleapis.com/testing_audio_for_josh/bcmk_TR/hindi/ch_1605486_234.45_239.19.wav,Model H,18,0,0,0,0,0.0,0.0,0.0,0.0,0,1,0
https://storage.googleapis.com/testing_audio_for_josh/bcmk_TR/hindi/ch_1605486_234.45_239.19.wav,Model i,18,0,0,0,0,0.0,0.0,0.0,0.0,0,1,0
https://storage.googleapis.com/testing_audio_for_josh/bcmk_TR/hindi/ch_1605486_234.45_239.19.wav,Model k,18,2,2,0,0,11.11111111111111,0.0,0.0,11.11111111111111,1,0,0
https://storage.googleapis.com/testing_audio_for_josh/bcmk_TR/hindi/ch_1605486_234.45_239.19.wav,Model l,18,2,2,0,0,11.11111111111111,0.0,0.0,11.11111111111111,1,0,0
https://storage.googleapis.com/testing_audio_for_josh/bcmk_TR/hindi/ch_1605486_234.45_239.19.wav,Model m,18,3,3,0,0,16.666666666666664,0.0,0.0,16.666666666666664,1,0,0
https://storage.googleapis.com/testing_audio_for_josh/bcmk_TR/hindi/ch_1605486_234.45_239.19.wav,Model n,18,2,2,0,0,11.11111111111111,0.0,0.0,11.11111111111111,1,0,0
https://storage.googleapis.com/testing_audio_for_josh/bcmk_TR/hindi/ch_1673210_71.10_80.43.wav,Model H,18,0,0,0,0,0.0,0.0,0.0,0.0,0,1,0
https://storage.googleapis.com/testing_audio_for_josh/bcmk_TR/hindi/ch_1673210_71.10_80.43.wav,Model i,18,0,0,0,0,0.0,0.0,0.0,0.0,0,1,0
https://storage.googleapis.com/testing_audio_for_josh/bcmk_TR/hindi/ch_1673210_71.10_80.43.wav,Model k,18,1,1,0,0,5.555555555555555,0.0,0.0,5.555555555555555,1,0,0
https://storage.googleapis.com/testing_audio_for_josh/bcmk_TR/hindi/ch_1673210_71.10_80.43.wav,Model l,18,1,0,0,1,5.555555555555555,0.0,0.0,5.555555555555555,1,0,0
https://storage.googleapis.com/testing_audio_for_josh/bcmk_TR/hindi/ch_1673210_71.10_80.43.wav,Model m,18,2,2,0,0,11.11111111111111,0.0,0.0,11.11111111111111,1,0,0
https://storage.googleapis.com/testing_audio_for_josh/bcmk_TR/hindi/ch_1673210_71.10_80.43.wav,Model n,18,1,1,0,0,5.555555555555555,0.0,0.0,5.555555555555555,1,0,0
https://storage.googleapis.com/testing_audio_for_josh/bcmk_TR/hindi/ch_1596221_153.00_164.31.wav,Model H,17,4,3,0,1,23.52941176470588,0.0,0.0,23.52941176470588,1,0,0
https://storage.googleapis.com/testing_audio_for_josh/bcmk_TR/hindi/ch_1596221_153.00_164.31.wav,Model i,17,0,0,0,0,0.0,0.0,0.0,0.0,0,1,0
https://storage.googleapis.com/testing_audio_for_josh/bcmk_TR/hindi/ch_1596221_153.00_164.31.wav,Model k,17,11,0,0,11,64.70588235294117,10.0,58.82352941176471,5.882352941176472,1,0,0
https://storage.googleapis.com/testing_audio_for_josh/bcmk_TR/hindi/ch_1596221_153.00_164.31.wav,Model l,17,2,2,0,0,11.76470588235294,0.0,0.0,11.76470588235294,1,0,0
https://storage.googleapis.com/testing_audio_for_josh/bcmk_TR/hindi/ch_1596221_153.00_164.31.wav,Model m,17,3,2,1,0,17.647058823529413,1.0,5.88235294117647,11.764705882352942,1,0,0
https://storage.googleapis.com/testing_audio_for_josh/bcmk_TR/hindi/ch_1596221_153.00_164.31.wav,Model n,17,0,0,0,0,0.0,0.0,0.0,0.0,0,1,0
https://storage.googleapis.com/testing_audio_for_josh/bcmk_TR/hindi/ch_1616491_921.99_932.91.wav,Model H,37,0,0,0,0,0.0,0.0,0.0,0.0,0,1,0
https://storage.googleapis.com/testing_audio_for_josh/bcmk_TR/hindi/ch_1616491_921.99_932.91.wav,Model i,37,0,0,0,0,0.0,0.0,0.0,0.0,0,1,0
https://storage.googleapis.com/testing_audio_for_josh/bcmk_TR/hindi/ch_1616491_921.99_932.91.wav,Model k,37,0,0,0,0,0.0,0.0,0.0,0.0,0,1,0
https://storage.googleapis.com/testing_audio_for_josh/bcmk_TR/hindi/ch_1616491_921.99_932.91.wav,Model l,37,1,1,0,0,2.7027027027027026,0.0,0.0,2.7027027027027026,1,0,0
https://storage.googleapis.com/testing_audio_for_josh/bcmk_TR/hindi/ch_1616491_921.99_932.91.wav,Model m,37,3,3,0,0,8.108108108108109,0.0,0.0,8.108108108108109,1,0,0
https://storage.googleapis.com/testing_audio_for_josh/bcmk_TR/hindi/ch_1616491_921.99_932.91.wav,Model n,37,4,4,0,0,10.81081081081081,0.0,0.0,10.81081081081081,1,0,0
https://storage.googleapis.com/testing_audio_for_josh/bcmk_TR/hindi/ch_1613818_192.42_205.77.wav,Model H,19,0,0,0,0,0.0,0.0,0.0,0.0,0,1,0
https://storage.googleapis.com/testing_audio_for_josh/bcmk_TR/hindi/ch_1613818_192.42_205.77.wav,Model i,19,0,0,0,0,0.0,0.0,0.0,0.0,0,1,0
https://storage.googleapis.com/testing_audio_for_josh/bcmk_TR/hindi/ch_1613818_192.42_205.77.wav,Model k,19,0,0,0,0,0.0,0.0,0.0,0.0,0,1,0
https://storage.googleapis.com/testing_audio_for_josh/bcmk_TR/hindi/ch_1613818_192.42_205.77.wav,Model l,19,0,0,0,0,0.0,0.0,0.0,0.0,0,1,0
https://storage.googleapis.com/testing_audio_for_josh/bcmk_TR/hindi/ch_1613818_192.42_205.77.wav,Model m,19,1,1,0,0,5.263157894736842,0.0,0.0,5.263157894736842,1,0,0
https://storage.googleapis.com/testing_audio_for_josh/bcmk_TR/hindi/ch_1613818_192.42_205.77.wav,Model n,19,1,1,0,0,5.263157894736842,0.0,0.0,5.263157894736842,1,0,0
https://storage.googleapis.com/testing_audio_for_josh/bcmk_TR/hindi/ch_16197_140.52_148.50.wav,Model H,19,0,0,0,0,0.0,0.0,0.0,0.0,0,1,0
https://storage.googleapis.com/testing_audio_for_josh/bcmk_TR/hindi/ch_16197_140.52_148.50.wav,Model i,19,0,0,0,0,0.0,0.0,0.0,0.0,0,1,0
https://storage.googleapis.com/testing_audio_for_josh/bcmk_TR/hindi/ch_16197_140.52_148.50.wav,Model k,19,4,4,0,0,21.052631578947366,0.0,0.0,21.052631578947366,1,0,0
https://storage.googleapis.com/testing_audio_for_josh/bcmk_TR/hindi/ch_16197_140.52_148.50.wav,Model l,19,2,2,0,0,10.526315789473683,0.0,0.0,10.526315789473683,1,0,0
https://storage.googleapis.com/testing_audio_for_josh/bcmk_TR/hindi/ch_16197_140.52_148.50.wav,Model m,19,1,1,0,0,5.263157894736842,0.0,0.0,5.263157894736842,1,0,0
https://storage.googleapis.com/testing_audio_for_josh/bcmk_TR/hindi/ch_16197_140.52_148.50.wav,Model n,19,3,3,0,0,15.789473684210526,0.0,0.0,15.789473684210526,1,0,0
https://storage.googleapis.com/testing_audio_for_josh/bcmk_TR/hindi/ch_1630690_1023.81_1031.46.wav,Model H,19,0,0,0,0,0.0,0.0,0.0,0.0,0,1,0
https://storage.googleapis.com/testing_audio_for_josh/bcmk_TR/hindi/ch_1630690_1023.81_1031.46.wav,Model i,19,0,0,0,0,0.0,0.0,0.0,0.0,0,1,0
https://storage.googleapis.com/testing_audio_for_josh/bcmk_TR/hindi/ch_1630690_1023.81_1031.46.wav,Model k,19,1,1,0,0,5.263157894736842,0.0,0.0,5.263157894736842,1,0,0
https://storage.googleapis.com/testing_audio_for_josh/bcmk_TR/hindi/ch_1630690_1023.81_1031.46.wav,Model l,19,3,3,0,0,15.789473684210526,0.0,0.0,15.789473684210526,1,0,0
https://storage.googleapis.com/testing_audio_for_josh/bcmk_TR/hindi/ch_1630690_1023.81_1031.46.wav,Model m,19,3,3,0,0,15.789473684210526,0.0,0.0,15.789473684210526,1,0,0
https://storage.googleapis.com/testing_audio_for_josh/bcmk_TR/hindi/ch_1630690_1023.81_1031.46.wav,Model n,19,1,1,0,0,5.263157894736842,0.0,0.0,5.263157894736842,1,0,0
https://storage.googleapis.com/testing_audio_for_josh/bcmk_TR/hindi/ch_1732616_196.77_205.11.wav,Model H,19,0,0,0,0,0.0,0.0,0.0,0.0,0,1,0
https://storage.googleapis.com/testing_audio_for_josh/bcmk_TR/hindi/ch_1732616_196.77_205.11.wav,Model i,19,0,0,0,0,0.0,0.0,0.0,0.0,0,1,0
https://storage.googleapis.com/testing_audio_for_josh/bcmk_TR/hindi/ch_1732616_196.77_205.11.wav,Model k,19,0,0,0,0,0.0,0.0,0.0,0.0,0,1,0
https://storage.googleapis.com/testing_audio_for_josh/bcmk_TR/hindi/ch_1732616_196.77_205.11.wav,Model l,19,1,1,0,0,5.263157894736842,0.0,0.0,5.263157894736842,1,0,0
https://storage.googleapis.com/testing_audio_for_josh/bcmk_TR/hindi/ch_1732616_196.77_205.11.wav,Model m,19,1,1,0,0,5.263157894736842,0.0,0.0,5.263157894736842,1,0,0
https://storage.googleapis.com/testing_audio_for_josh/bcmk_TR/hindi/ch_1732616_196.77_205.11.wav,Model n,19,0,0,0,0,0.0,0.0,0.0,0.0,0,1,0
https://storage.googleapis.com/testing_audio_for_josh/bcmk_TR/hindi/ch_2055669_44.43_55.50.wav,Model H,19,0,0,0,0,0.0,0.0,0.0,0.0,0,1,0
https://storage.googleapis.com/testing_audio_for_josh/bcmk_TR/hindi/ch_2055669_44.43_55.50.wav,Model i,19,0,0,0,0,0.0,0.0,0.0,0.0,0,1,0
https://storage.googleapis.com/testing_audio_for_josh/bcmk_TR/hindi/ch_2055669_44.43_55.50.wav,Model k,19,5,4,1,0,26.31578947368421,1.0,5.263157894736842,21.052631578947366,1,0,0
https://storage.googleapis.com/testing_audio_for_josh/bcmk_TR/hindi/ch_2055669_44.43_55.50.wav,Model l,19,0,0,0,0,0.0,0.0,0.0,0.0,0,1,0
https://storage.googleapis.com/testing_audio_for_josh/bcmk_TR/hindi/ch_2055669_44.43_55.50.wav,Model m,19,5,5,0,0,26.31578947368421,0.0,0.0,26.31578947368421,1,0,0
https://storage.googleapis.com/testing_audio_for_josh/bcmk_TR/hindi/ch_2055669_44.43_55.50.wav,Model n,19,4,4,0,0,21.052631578947366,0.0,0.0,21.052631578947366,1,0,0
https://storage.googleapis.com/testing_audio_for_josh/bcmk_TR/hindi/ch_13457_121.08_125.85.wav,Model H,12,1,1,0,0,8.333333333333332,0.0,0.0,8.333333333333332,1,0,0
https://storage.googleapis.com/testing_audio_for_josh/bcmk_TR/hindi/ch_13457_121.08_125.85.wav,Model i,12,0,0,0,0,0.0,0.0,0.0,0.0,0,1,0
https://storage.googleapis.com/testing_audio_for_josh/bcmk_TR/hindi/ch_13457_121.08_125.85.wav,Model k,12,1,1,0,0,8.333333333333332,0.0,0.0,8.333333333333332,1,0,0
https://storage.googleapis.com/testing_audio_for_josh/bcmk_TR/hindi/ch_13457_121.08_125.85.wav,Model l,12,0,0,0,0,0.0,0.0,0.0,0.0,0,1,0
https://storage.googleapis.com/testing_audio_for_josh/bcmk_TR/hindi/ch_13457_121.08_125.85.wav,Model m,12,1,1,0,0,8.333333333333332,0.0,0.0,8.333333333333332,1,0,0
https://storage.googleapis.com/testing_audio_for_josh/bcmk_TR/hindi/ch_13457_121.08_125.85.wav,Model n,12,2,2,0,0,16.666666666666664,0.0,0.0,16.666666666666664,1,0,0
https://storage.googleapis.com/testing_audio_for_josh/bcmk_TR/hindi/ch_1545124_753.21_762.48.wav,Model H,24,0,0,0,0,0.0,0.0,0.0,0.0,0,1,0
https://storage.googleapis.com/testing_audio_for_josh/bcmk_TR/hindi/ch_1545124_753.21_762.48.wav,Model i,24,1,1,0,0,4.166666666666666,0.0,0.0,4.166666666666666,1,0,0
https://storage.googleapis.com/testing_audio_for_josh/bcmk_TR/hindi/ch_1545124_753.21_762.48.wav,Model k,24,0,0,0,0,0.0,0.0,0.0,0.0,0,1,0
https://storage.googleapis.com/testing_audio_for_josh/bcmk_TR/hindi/ch_1545124_753.21_762.48.wav,Model l,24,0,0,0,0,0.0,0.0,0.0,0.0,0,1,0
https://storage.googleapis.com/testing_audio_for_josh/bcmk_TR/hindi/ch_1545124_753.21_762.48.wav,Model m,24,2,1,1,0,8.333333333333332,1.0,4.166666666666666,4.166666666666666,1,0,0
https://storage.googleapis.com/testing_audio_for_josh/bcmk_TR/hindi/ch_1545124_753.21_762.48.wav,Model n,24,3,3,0,0,12.5,0.0,0.0,12.5,1,0,0
https://storage.googleapis.com/testing_audio_for_josh/bcmk_TR/hindi/ch_1545318_552.15_557.22.wav,Model H,12,0,0,0,0,0.0,0.0,0.0,0.0,0,1,0
https://storage.googleapis.com/testing_audio_for_josh/bcmk_TR/hindi/ch_1545318_552.15_557.22.wav,Model i,12,0,0,0,0,0.0,0.0,0.0,0.0,0,1,0
https://storage.googleapis.com/testing_audio_for_josh/bcmk_TR/hindi/ch_1545318_552.15_557.22.wav,Model k,12,0,0,0,0,0.0,0.0,0.0,0.0,0,1,0
https://storage.googleapis.com/testing_audio_for_josh/bcmk_TR/hindi/ch_1545318_552.15_557.22.wav,Model l,12,0,0,0,0,0.0,0.0,0.0,0.0,0,1,0
https://storage.googleapis.com/testing_audio_for_josh/bcmk_TR/hindi/ch_1545318_552.15_557.22.wav,Model m,12,9,9,0,0,75.0,0.0,0.0,75.0,1,0,0
https://storage.googleapis.com/testing_audio_for_josh/bcmk_TR/hindi/ch_1545318_552.15_557.22.wav,Model n,12,1,1,0,0,8.333333333333332,0.0,0.0,8.333333333333332,1,0,0
